Participant number,How old are you?,What is your gender?,Do you have experience in working in an art related field? ,Have you studied art related field? ,"How often do you create art such as drawing, painting etc.?",What is your educational background?
1,23,2,0,0,4,Bachelors in computer science
2,30,1,0,0,1,Master in Chemistry
3,24,2,0,0,2,Master’s degree
4,24,2,1,1,3,secondary school diploma/realschulabschluss 
5,26,2,0,0,3,Software Engineering 
6,24,2,0,0,2,
7,28,2,1,0,2,Master of Arts 
8,26,2,1,1,1,International relations + art management
9,25,3,1,1,5,Design
10,24,2,0,0,2,
11,24,2,0,0,2,Bachelor's and Master's in logistics 
12,17,2,1,0,3,High school 
13,29,2,1,1,4,MA and MS Architecture 
14,27,2,1,0,3,Computer Science 
15,26,1,0,0,2,Neuroscience 
16,30,1,1,1,1,Masters of science
17,25,2,0,0,3,Natural science in Bachelor's and Master's 