Participant number,How old are you?,What is your gender?,"How often do you create art such as drawing, painting etc.?","What exactly do you create (sketches, paintings, design, photography etc.) ?","How often do you use AI tools (such as DALL-E, Midjourney, ChatGPT etc.)?","How often do you use AI tools for creative tasks (drawing, sketching etc.)?",How often do you create digital drawings?,Do you feel stuck or uninspired during creating art?,You consider yourself a creative person,You think that you lack some creativity in yourself,"Versions' ordering(v1 -active, v2 -recognizing, v3-drawing)"
1,25,Male,3,design,3,2,1,4,4,3,v1 - v2 - v3
2,26,Female,4,"painting, photography",4,1,3,4,4,4,v2 - v3 - v1
3,31,Male,2,Graphics for processes,3,1,1,2,4,2,v3 - v1 - v2
4,26,Male,2,Just some squiggles,4,1,2,4,3,4,v1 - v2 - v3
5,27,Male,3,sketches,4,1,1,2,3,3,v2 - v3 - v1
6,23,Female,2,Mostly designs (digital),4,2,1,4,3,3,v3 - v1 - v2
7,26,Male,2,I am a Photographer and usually I take some pictures,5,2,3,2,3,3,v1 - v2 - v3
8,26,Female,2,sketches,5,3,2,2,3,2,v2 - v3 - v1
9,26,Female,5,Photography,4,1,1,3,4,2,v3 - v1 - v2
10,26,Male,3,sketch,4,1,1,2,3,3,v1 - v2 - v3
11,25,Female,2,designs ,4,2,2,4,3,3,v2 - v3 - v1
12,28,Female,4,photography,4,3,3,4,4,4,v3 - v1 - v2