Participant number,How old are you?,What is your gender?,"How often do you create art such as drawing, painting etc.?",,"How often do you use AI tools (such as DALL-E, Midjourney, ChatGPT etc.)?","How often do you use AI tools for creative tasks (drawing, sketching etc.)?",How often do you create digital drawings?,Do you feel stuck or uninspired during creating art?,You consider yourself a creative person,You think that you lack some creativity in yourself,"Versions' ordering(v1 -active, v2 -recognizing, v3-drawing)", CSI active,CSI recognizing,CSI drawing,CUQ active ,CUQ recognizing
1,25,1,3,,3,2,1,4,4,3,1,67.3,77.3,55.6,68.8,71.9
2,26,2,4,,4,1,3,4,4,4,2,66.6,74.6,46,54.7,60.9
3,31,1,2,,3,1,1,2,4,2,3,60.3,40.3,42,65.6,46.9
4,26,1,2,,4,1,2,4,3,4,1,81.6,83.3,62.6,71.9,56.3
5,27,1,3,,4,1,1,2,3,3,2,58,57.3,32.3,62.5,60.9
6,23,2,2,,4,2,1,4,3,3,3,53,79,51.6,53.1,79.7
7,26,1,2,,5,2,3,2,3,3,1,85,86.6,81.6,62.5,65.6
8,26,2,2,,5,3,2,2,3,2,2,85,75.3,57.6,71.9,51.6
9,26,2,5,,4,1,1,3,4,2,3,65.6,79.6,67.3,64.1,73.4
10,26,1,3,,4,1,1,2,3,3,1,58,81.6,53,60.9,62.5
11,25,2,2,,4,2,2,4,3,3,2,77.3,60.3,57.3,57.8,57.8
12,28,2,4,,4,3,3,4,4,4,3,66.6,69.8,51.6,62.5,67.2